{"rights": ["read"], "averageRating": 0, "indexUpdatedAt": 1504273786, "downloadCount": 23, "name": "Records For 2011", "rowsUpdatedBy": "9e4n-uys4", "createdAt": 1504273590, "publicationAppendEnabled": false, "displayType": "table", "query": {}, "metadata": {"availableDisplayTypes": ["table", "fatrow", "page"], "renderTypeConfig": {"visible": {"table": true}}}, "totalTimesRated": 0, "license": {"termsLink": "http://opendatacommons.org/licenses/pddl/1.0/", "name": "Open Data Commons Public Domain Dedication and License"}, "viewLastModified": 1504273778, "oid": 26707709, "hideFromCatalog": false, "provenance": "official", "owner": {"displayName": "A. Fuller", "type": "interactive", "id": "9e4n-uys4", "screenName": "A. Fuller"}, "licenseId": "PDDL", "grants": [{"inherited": false, "flags": ["public"], "type": "viewer"}], "publicationGroup": 14436099, "tableAuthor": {"displayName": "A. Fuller", "type": "interactive", "id": "9e4n-uys4", "screenName": "A. Fuller"}, "columns": [{"tableColumnId": 52713059, "width": 172, "dataTypeName": "text", "id": 318291426, "cachedContents": {"smallest": "OP", "largest": "OP", "top": [{"item": "OP", "count": 20}], "null": 1, "non_null": 180015}, "name": "Agency", "format": {}, "renderTypeName": "text", "position": 1, "fieldName": "agency"}, {"tableColumnId": 52713060, "width": 232, "dataTypeName": "calendar_date", "id": 318291427, "cachedContents": {"smallest": "2011-01-01T00:00:00", "largest": "2011-12-31T23:58:08", "top": [{"item": "2011-12-31T23:08:24", "count": 20}, {"item": "2011-12-31T23:08:30", "count": 19}, {"item": "2011-12-31T23:10:58", "count": 18}, {"item": "2011-12-31T23:20:01", "count": 17}, {"item": "2011-12-31T23:25:23", "count": 16}, {"item": "2011-12-31T23:26:50", "count": 15}, {"item": "2011-12-31T23:34:25", "count": 14}, {"item": "2011-12-31T23:34:34", "count": 13}, {"item": "2011-12-31T23:37:00", "count": 12}, {"item": "2011-12-31T23:37:31", "count": 11}, {"item": "2011-12-31T23:38:17", "count": 10}, {"item": "2011-12-31T23:42:38", "count": 9}, {"item": "2011-12-31T23:43:11", "count": 8}, {"item": "2011-12-31T23:43:20", "count": 7}, {"item": "2011-12-31T23:44:32", "count": 6}, {"item": "2011-12-31T23:44:46", "count": 5}, {"item": "2011-12-31T23:48:23", "count": 4}, {"item": "2011-12-31T23:49:01", "count": 3}, {"item": "2011-12-31T23:49:33", "count": 2}, {"item": "2011-12-31T23:51:13", "count": 1}], "null": 1, "non_null": 180015}, "name": "Create Time", "format": {"view": "default_date_time"}, "renderTypeName": "calendar_date", "position": 2, "fieldName": "create_time"}, {"tableColumnId": 52713061, "width": 196, "dataTypeName": "text", "id": 318291428, "cachedContents": {"smallest": "   ", "largest": " ZORAH ST ", "top": [{"item": "W INTERNATIONAL BLVD ", "count": 20}, {"item": "WB HEGENBERGER RD ", "count": 19}, {"item": "WB AV&FOOTHILL BLVD ", "count": 18}, {"item": "WB FRUITVALE AV ", "count": 17}, {"item": "WB AV&INTERNATIONAL BLVD ", "count": 16}, {"item": "WB 5TH AV ", "count": 15}, {"item": "WB UNION ST ", "count": 14}, {"item": "WB ST  ", "count": 13}, {"item": "WB FAVOR ST ", "count": 12}, {"item": "WB ABBEY ST ", "count": 11}, {"item": "WB GRAND AV ", "count": 10}, {"item": "WB INTERNATIONAL BLVD ", "count": 9}, {"item": "WB GRAND AV&WOOD ST", "count": 8}, {"item": "WB REDWOOD RD&REDWOOD RD", "count": 7}, {"item": "WB 26TH AV ", "count": 6}, {"item": "WERNER 40TH STREET WY", "count": 5}, {"item": "WOOD AV&KEMPTON AV ", "count": 4}, {"item": "WOODSON B ST ", "count": 3}, {"item": "   ", "count": 2}], "null": 0, "non_null": 180016}, "name": "Location", "format": {}, "renderTypeName": "text", "position": 3, "fieldName": "location"}, {"tableColumnId": 52713062, "width": 184, "dataTypeName": "number", "id": 318291429, "cachedContents": {"smallest": "1", "top": [{"item": "1", "count": 20}, {"item": "2", "count": 19}, {"item": "3", "count": 18}], "average": "1.740648309437670", "sum": "311771", "largest": "3", "non_null": 179112, "null": 904}, "name": "Area Id", "format": {"groupSeparator": ",", "decimalSeparator": "."}, "renderTypeName": "number", "position": 4, "fieldName": "area_id"}, {"tableColumnId": 52713063, "width": 148, "dataTypeName": "text", "id": 318291430, "cachedContents": {"smallest": "01X", "largest": "PDT2", "top": [{"item": "06X", "count": 20}, {"item": "08X", "count": 19}, {"item": "26Y", "count": 18}, {"item": "34X", "count": 17}, {"item": "19X", "count": 16}, {"item": "30X", "count": 15}, {"item": "04X", "count": 14}, {"item": "30Y", "count": 13}, {"item": "23X", "count": 12}, {"item": "29X", "count": 11}, {"item": "31Y", "count": 10}, {"item": "27Y", "count": 9}, {"item": "20X", "count": 8}, {"item": "07X", "count": 7}, {"item": "25X", "count": 6}, {"item": "35X", "count": 5}, {"item": "03X", "count": 4}, {"item": "32X", "count": 3}, {"item": "32Y", "count": 2}, {"item": "02Y", "count": 1}], "null": 520, "non_null": 179496}, "name": "Beat", "format": {}, "renderTypeName": "text", "position": 5, "fieldName": "beat"}, {"tableColumnId": 52713064, "width": 196, "dataTypeName": "number", "id": 318291431, "cachedContents": {"smallest": "0", "top": [{"item": "1", "count": 20}, {"item": "2", "count": 19}, {"item": "0", "count": 18}], "average": "1.796111435158181", "sum": "323327", "largest": "2", "non_null": 180015, "null": 1}, "name": "Priority", "format": {"groupSeparator": ",", "decimalSeparator": "."}, "renderTypeName": "number", "position": 6, "fieldName": "priority"}, {"tableColumnId": 52713065, "width": 292, "dataTypeName": "text", "id": 318291432, "cachedContents": {"smallest": "107", "largest": "YELALT", "top": [{"item": "415GS", "count": 20}, {"item": "415", "count": 19}, {"item": "911H", "count": 18}, {"item": "933R", "count": 17}, {"item": "415C", "count": 16}, {"item": "SECCK", "count": 15}, {"item": "242", "count": 14}, {"item": "10851", "count": 13}, {"item": "5150", "count": 12}, {"item": "243E", "count": 11}, {"item": "949", "count": 10}, {"item": "912", "count": 9}, {"item": "211", "count": 8}, {"item": "HAZ", "count": 7}, {"item": "WELCK", "count": 6}, {"item": "459", "count": 5}, {"item": "245", "count": 4}, {"item": "CODE7", "count": 3}, {"item": "929", "count": 2}, {"item": "415TH", "count": 1}], "null": 1, "non_null": 180015}, "name": "Incident Type Id", "format": {}, "renderTypeName": "text", "position": 7, "fieldName": "incident_type_id"}, {"tableColumnId": 52713066, "width": 400, "dataTypeName": "text", "id": 318291433, "cachedContents": {"smallest": "21235 MOTORSCOOTER", "largest": "YELLOW ALERT AT THE", "top": [{"item": "415 GUNSHOTS", "count": 20}, {"item": "DISTURBING THE PEACE", "count": 19}, {"item": "911 HANG-UP", "count": 18}, {"item": "ALARM-RINGER", "count": 17}, {"item": "415 UNKNOWN", "count": 16}, {"item": "SECURITY CHECK", "count": 15}, {"item": "BATTERY", "count": 14}, {"item": "STOLEN VEHICLE", "count": 13}, {"item": "BATTERY ON CO-HABITA", "count": 12}, {"item": "MENTALLY ILL", "count": 11}, {"item": "SUSPICIOUS VEHICLE", "count": 10}, {"item": "SUSPICIOUS PERSON", "count": 9}, {"item": "415 FAMILY", "count": 8}, {"item": "ROBBERY", "count": 7}, {"item": "HAZARDOUS SITUATION/", "count": 6}, {"item": "WELFARE CHECK -- CHE", "count": 5}, {"item": "ASSAULT W/DEADLY WEA", "count": 4}, {"item": "BURGLARY", "count": 3}, {"item": "FIRE", "count": 2}, {"item": "415 THREATS", "count": 1}], "null": 1, "non_null": 180015}, "name": "Incident Type Description", "format": {}, "renderTypeName": "text", "position": 8, "fieldName": "incident_type_description"}, {"tableColumnId": 52713067, "width": 244, "dataTypeName": "text", "id": 318291434, "cachedContents": {"smallest": "LOP110101000001", "largest": "LOP111231001017", "top": [{"item": "LOP111231000982", "count": 20}, {"item": "LOP111231000981", "count": 19}, {"item": "LOP111231000984", "count": 18}, {"item": "LOP111231000992", "count": 17}, {"item": "LOP111231000994", "count": 16}, {"item": "LOP111231000995", "count": 15}, {"item": "LOP111231000999", "count": 14}, {"item": "LOP111231000998", "count": 13}, {"item": "LOP111231001003", "count": 12}, {"item": "LOP111231001002", "count": 11}, {"item": "LOP111231001001", "count": 10}, {"item": "LOP111231001007", "count": 9}, {"item": "LOP111231001005", "count": 8}, {"item": "LOP111231001004", "count": 7}, {"item": "LOP111231001008", "count": 6}, {"item": "LOP111231001006", "count": 5}, {"item": "LOP111231001009", "count": 4}, {"item": "LOP111231001013", "count": 3}, {"item": "LOP111231001010", "count": 2}, {"item": "LOP111231001012", "count": 1}], "null": 1, "non_null": 180015}, "name": "Event Number", "format": {}, "renderTypeName": "text", "position": 9, "fieldName": "event_number"}, {"tableColumnId": 52713068, "width": 232, "dataTypeName": "calendar_date", "id": 318291435, "cachedContents": {"smallest": "2011-01-01T00:02:28", "largest": "2012-01-19T01:14:50", "top": [{"item": "2012-01-01T01:23:38", "count": 20}, {"item": "2012-01-01T00:13:53", "count": 19}, {"item": "2012-01-01T09:19:44", "count": 18}, {"item": "2012-01-01T01:51:36", "count": 17}, {"item": "2012-01-01T02:43:56", "count": 16}, {"item": "2012-01-01T05:07:14", "count": 15}, {"item": "2012-01-01T08:58:18", "count": 14}, {"item": "2012-01-01T00:22:53", "count": 13}, {"item": "2011-12-31T23:50:35", "count": 12}, {"item": "2012-01-01T01:11:44", "count": 11}, {"item": "2012-01-01T02:41:36", "count": 10}, {"item": "2012-01-01T00:01:15", "count": 9}, {"item": "2012-01-01T00:16:51", "count": 8}, {"item": "2012-01-01T00:45:22", "count": 7}, {"item": "2012-01-01T00:44:22", "count": 6}, {"item": "2012-01-01T01:40:10", "count": 5}, {"item": "2012-01-01T02:30:22", "count": 4}, {"item": "2012-01-01T00:25:03", "count": 3}, {"item": "2012-01-01T02:59:48", "count": 2}], "null": 7, "non_null": 180009}, "name": "Closed Time", "format": {"view": "default_date_time"}, "renderTypeName": "calendar_date", "position": 10, "fieldName": "closed_time"}], "viewCount": 45, "numberOfComments": 0, "publicationStage": "published", "rowsUpdatedAt": 1504273709, "approvals": [{"submissionObject": "public_audience_request", "submittedAt": 1504273778, "submissionOutcome": "change_audience", "reviewedAt": 1504273778, "submissionOutcomeApplication": {"status": "success", "failureCount": 0}, "reviewedAutomatically": true, "state": "approved", "submitter": {"displayName": "A. Fuller", "id": "9e4n-uys4"}, "submissionDetails": {"permissionType": "READ"}, "workflowId": 1504, "submissionId": 495249}], "id": "5n5b-epdp", "attribution": "Oakland Police Department", "flags": ["default", "restorable", "restorePossibleForType"], "tags": ["prr 20055"], "viewType": "tabular", "tableId": 14436099, "newBackend": true, "hideFromDataJson": false, "locale": "en_US", "publicationDate": 1504273778}