{"rights": ["read"], "indexUpdatedAt": 1504880202, "downloadCount": 27, "name": "Records For 2015", "rowsUpdatedBy": "9e4n-uys4", "createdAt": 1504879541, "publicationAppendEnabled": false, "displayType": "table", "query": {}, "metadata": {"availableDisplayTypes": ["table", "fatrow", "page"], "renderTypeConfig": {"visible": {"table": true}}}, "totalTimesRated": 0, "license": {"termsLink": "http://opendatacommons.org/licenses/pddl/1.0/", "name": "Open Data Commons Public Domain Dedication and License"}, "viewLastModified": 1504886848, "oid": 26757065, "hideFromCatalog": false, "provenance": "official", "viewCount": 74, "licenseId": "PDDL", "owner": {"displayName": "A. Fuller", "type": "interactive", "id": "9e4n-uys4", "screenName": "A. Fuller"}, "grants": [{"inherited": false, "flags": ["public"], "type": "viewer"}], "publicationGroup": 14450305, "tableAuthor": {"displayName": "A. Fuller", "type": "interactive", "id": "9e4n-uys4", "screenName": "A. Fuller"}, "columns": [{"tableColumnId": 53018156, "width": 172, "dataTypeName": "text", "id": 319313529, "cachedContents": {"smallest": "OP", "largest": "OP", "top": [{"item": "OP", "count": 20}], "null": 0, "non_null": 192581}, "name": "Agency", "format": {}, "renderTypeName": "text", "position": 1, "fieldName": "agency"}, {"tableColumnId": 53018157, "width": 232, "dataTypeName": "calendar_date", "id": 319313530, "cachedContents": {"smallest": "2015-01-01T00:01:59", "largest": "2015-12-31T23:59:37", "top": [{"item": "2015-12-31T23:57:26", "count": 20}, {"item": "2015-12-31T23:57:43", "count": 19}, {"item": "2015-12-31T23:58:11", "count": 18}, {"item": "2015-12-31T23:59:37", "count": 17}], "null": 0, "non_null": 192581}, "name": "Create Time", "format": {"view": "default_date_time"}, "renderTypeName": "calendar_date", "position": 2, "fieldName": "create_time"}, {"tableColumnId": 53018158, "width": 196, "dataTypeName": "text", "id": 319313531, "cachedContents": {"smallest": "      ", "largest": " ZORAH ST    ", "top": [{"item": "W MACARTHUR BLVD    ", "count": 20}, {"item": "WB INTERNATIONAL BLVD    ", "count": 19}, {"item": "WB AV&INTERNATIONAL BLVD    ", "count": 18}, {"item": "WB BROADWAY     ", "count": 17}, {"item": "WB E 27TH ST   ", "count": 16}, {"item": "WB AV&E 9TH ST   ", "count": 15}, {"item": "WB ST&BROADWAY     ", "count": 14}, {"item": "WB ST&SAN PABLO AV   ", "count": 13}, {"item": "WB MARTIN LUTHER KING JR WY ", "count": 12}, {"item": "WB CATRON DR    ", "count": 11}, {"item": "WB HILLMONT DR    ", "count": 10}, {"item": "WB AV&SAN LEANDRO ST   ", "count": 9}, {"item": "WB ST&WASHINGTON ST    ", "count": 8}, {"item": "WB HARBORD DR    ", "count": 7}, {"item": "WB AV&EVERETT AV    ", "count": 6}, {"item": "WB 82ND AV    ", "count": 5}, {"item": "WB EMERSON ST    ", "count": 4}, {"item": "WB 15TH ST    ", "count": 3}, {"item": "WB AV&MONTICELLO AV    ", "count": 2}, {"item": "WB 89TH AV    ", "count": 1}], "null": 0, "non_null": 192581}, "name": "Location", "format": {}, "renderTypeName": "text", "position": 3, "fieldName": "location"}, {"tableColumnId": 53018159, "width": 184, "dataTypeName": "text", "id": 319313532, "cachedContents": {"smallest": "P1", "largest": "TEC", "top": [{"item": "P3", "count": 20}, {"item": "P1", "count": 19}, {"item": "P2", "count": 18}, {"item": "POU", "count": 17}, {"item": "PCW", "count": 16}, {"item": "TEC", "count": 15}], "null": 0, "non_null": 192581}, "name": "Area Id", "format": {}, "renderTypeName": "text", "position": 4, "fieldName": "area_id"}, {"tableColumnId": 53018160, "width": 148, "dataTypeName": "text", "id": 319313533, "cachedContents": {"smallest": "01X", "largest": "PDT2", "top": [{"item": "30Y", "count": 20}, {"item": "23X", "count": 19}, {"item": "30X", "count": 18}, {"item": "26Y", "count": 17}, {"item": "04X", "count": 16}, {"item": "08X", "count": 15}, {"item": "25X", "count": 14}, {"item": "34X", "count": 13}, {"item": "06X", "count": 12}, {"item": "29X", "count": 11}, {"item": "19X", "count": 10}, {"item": "07X", "count": 9}, {"item": "03X", "count": 8}, {"item": "31Y", "count": 7}, {"item": "20X", "count": 6}, {"item": "27Y", "count": 5}, {"item": "35X", "count": 4}, {"item": "27X", "count": 3}, {"item": "24X", "count": 2}, {"item": "09X", "count": 1}], "null": 1325, "non_null": 191256}, "name": "Beat", "format": {}, "renderTypeName": "text", "position": 5, "fieldName": "beat"}, {"tableColumnId": 53018161, "width": 196, "dataTypeName": "number", "id": 319313534, "cachedContents": {"smallest": "0", "top": [{"item": "2", "count": 20}, {"item": "1", "count": 19}, {"item": "0", "count": 18}], "average": "1.779729049075454", "sum": "342742", "largest": "2", "non_null": 192581, "null": 0}, "name": "Priority", "format": {"groupSeparator": ",", "decimalSeparator": "."}, "renderTypeName": "number", "position": 6, "fieldName": "priority"}, {"tableColumnId": 53018162, "width": 292, "dataTypeName": "text", "id": 319313535, "cachedContents": {"smallest": "107", "largest": "YELALT", "top": [{"item": "415", "count": 20}, {"item": "415GS", "count": 19}, {"item": "933R", "count": 18}, {"item": "SECCK", "count": 17}, {"item": "911H", "count": 16}, {"item": "243E", "count": 15}, {"item": "415C", "count": 14}, {"item": "10851", "count": 13}, {"item": "242", "count": 12}, {"item": "5150", "count": 11}, {"item": "912", "count": 10}, {"item": "949", "count": 9}, {"item": "WELCK", "count": 8}, {"item": "HAZ", "count": 7}, {"item": "602L", "count": 6}, {"item": "20002", "count": 5}, {"item": "415CU", "count": 4}, {"item": "245", "count": 3}, {"item": "901A", "count": 2}, {"item": "601R", "count": 1}], "null": 0, "non_null": 192581}, "name": "Incident Type Id", "format": {}, "renderTypeName": "text", "position": 7, "fieldName": "incident_type_id"}, {"tableColumnId": 53018163, "width": 400, "dataTypeName": "text", "id": 319313536, "cachedContents": {"smallest": "21235 MOTORSCOOTER", "largest": "YELLOW ALERT AT THE", "top": [{"item": "DISTURBING THE PEACE", "count": 20}, {"item": "ALARM-RINGER", "count": 19}, {"item": "SECURITY CHECK", "count": 18}, {"item": "911 HANG-UP", "count": 17}, {"item": "BATTERY ON CO-HABITA", "count": 16}, {"item": "415 UNKNOWN", "count": 15}, {"item": "415 FAMILY", "count": 14}, {"item": "STOLEN VEHICLE", "count": 13}, {"item": "BATTERY", "count": 12}, {"item": "MENTALLY ILL", "count": 11}, {"item": "SUSPICIOUS PERSON", "count": 10}, {"item": "SUSPICIOUS VEHICLE", "count": 9}, {"item": "HAZARDOUS SITUATION/", "count": 8}, {"item": "WELFARE CHECK -- CHE", "count": 7}, {"item": "415 GUNSHOTS", "count": 6}, {"item": "TRESPASS:", "count": 5}, {"item": "HIT & RUN (PROPERTY", "count": 4}, {"item": "ASSAULT W/DEADLY WEA", "count": 3}, {"item": "VEHICLE COLLISION-PE", "count": 2}, {"item": "RUNAWAY", "count": 1}], "null": 243, "non_null": 192338}, "name": "Incident Type Description", "format": {}, "renderTypeName": "text", "position": 8, "fieldName": "incident_type_description"}, {"tableColumnId": 53018164, "width": 244, "dataTypeName": "text", "id": 319313537, "cachedContents": {"smallest": "LOP150101000003", "largest": "LOP151231001104", "top": [{"item": "LOP151231001098", "count": 20}, {"item": "LOP151231001100", "count": 19}, {"item": "LOP151231001102", "count": 18}, {"item": "LOP151231001104", "count": 17}], "null": 0, "non_null": 192581}, "name": "Event Number", "format": {}, "renderTypeName": "text", "position": 9, "fieldName": "event_number"}, {"tableColumnId": 53018165, "width": 232, "dataTypeName": "calendar_date", "id": 319313538, "cachedContents": {"smallest": "2015-01-01T00:06:18", "largest": "2016-12-01T14:35:54", "top": [{"item": "2016-01-01T01:15:50", "count": 20}, {"item": "2016-01-01T00:13:56", "count": 19}, {"item": "2016-01-01T00:27:40", "count": 18}, {"item": "2016-01-01T00:29:22", "count": 17}], "null": 0, "non_null": 192581}, "name": "Closed Time", "format": {"view": "default_date_time"}, "renderTypeName": "calendar_date", "position": 10, "fieldName": "closed_time"}], "description": "PRR 20055", "numberOfComments": 0, "publicationStage": "published", "hideFromDataJson": false, "rowsUpdatedAt": 1504879667, "approvals": [{"submissionObject": "public_audience_request", "submittedAt": 1504886848, "submissionOutcome": "change_audience", "reviewedAt": 1504886848, "submissionOutcomeApplication": {"status": "success", "failureCount": 0}, "reviewedAutomatically": true, "state": "approved", "submitter": {"displayName": "A. Fuller", "id": "9e4n-uys4"}, "submissionDetails": {"permissionType": "READ"}, "workflowId": 1504, "submissionId": 495260}], "id": "67h3-nsvn", "averageRating": 0, "flags": ["default", "restorable", "restorePossibleForType"], "tags": ["crime statistics"], "viewType": "tabular", "tableId": 14450305, "newBackend": true, "category": "Public Services", "locale": "en_US", "publicationDate": 1504886848}